instance,initial_time,initial_cost,time_k_1,cost_k_1,time_k_2,cost_k_2,time_k_3,cost_k_3
a2-16.txt,0.03,314.13,0.061,310.294,0.173,295.834,0.244,294.249
a2-20.txt,0.054,366.54,0.13,355.042,0.269,347.102,0.245,347.102
a2-24.txt,0.126,455.332,0.111,455.332,0.217,446.361,0.453,441.172
a3-18.txt,0.061,328.176,0.056,327.334,0.129,311.505,0.328,301.115
a3-24.txt,0.111,389.081,0.142,385.066,0.443,360.873,1.614,360.113
a3-30.txt,0.279,553.499,0.104,553.219,0.228,552.784,0.509,549.44
a3-36.txt,0.866,624.902,0.443,599.851,2.113,584.166,4.511,583.293
a4-16.txt,0.02,294.939,0.064,294.939,0.267,287.623,0.904,287.623
a4-24.txt,0.147,436.688,0.268,410.89,1.379,402.534,1.94,392.761
a4-32.txt,0.616,538.275,0.199,534.884,0.586,534.884,1.857,534.884
a4-40.txt,1.649,700.129,1.031,683.531,6.82,618.774,18.896,597.345
a4-48.txt,1.755,765.196,0.832,761.636,12.546,749.513,33.665,720.545
a5-40.txt,0.663,596.677,0.842,569.378,5.395,554.796,27.072,534.757
a5-50.txt,2.632,822.202,1.31,791.537,19.115,785.267,88.477,759.686
a5-60.txt,4.311,1030.638,2.279,1004.765,21.001,985.261,108.437,913.288
a6-48.txt,2.1,702.209,1.946,686.23,17.167,686.23,68.367,672.65
a6-60.txt,2.545,977.821,1.882,941.001,36.152,927.857,120.325,902.595
a6-72.txt,8.591,1077.163,3.286,1021.259,36.885,1017.697,120.398,1020.854
a7-56.txt,2.384,894.482,2.229,858.727,27.366,830.798,95.394,803.301
a7-70.txt,5.101,1067.733,3.235,1045.856,32.441,1014.43,120.282,1012.358
a7-84.txt,13.29,1321.745,11.764,1294.502,107.613,1270.009,120.522,1258.739
a8-64.txt,3.335,875.607,2.035,853.446,27.804,845.561,120.25,829.827
a8-80.txt,12.578,1164.383,10.45,1154.685,75.18,1117.955,120.404,1104.133
a8-96.txt,17.321,1531.93,16.229,1475.283,84.712,1412.137,120.582,1426.876
