Instance,heuristic_time_k=1,heuristic_cost_k=1,neighbors_time_k=1,solver_time_k=1,solver_cost_k=1,heuristic_time_k=2,heuristic_cost_k=2,neighbors_time_k=2,solver_time_k=2,solver_cost_k=2,heuristic_time_k=3,heuristic_cost_k=3,neighbors_time_k=3,solver_time_k=3,solver_cost_k=3
a2-16.txt,0.042,314.13,0.0,0.15,310.294,0.044,314.13,0.001,0.362,295.834,0.042,314.13,0.001,0.598,294.249
a4-16.txt,0.047,294.939,0.0,0.12,294.939,0.047,294.939,0.001,0.474,287.623,0.047,294.939,0.001,1.895,287.623
a3-18.txt,0.092,328.176,0.0,0.1,327.334,0.094,328.176,0.001,0.236,311.505,0.093,328.176,0.001,0.7,301.115
a2-20.txt,0.102,366.54,0.001,0.213,355.042,0.099,366.54,0.001,0.483,347.102,0.101,366.54,0.001,0.482,347.102
a2-24.txt,0.23,455.332,0.001,0.284,455.332,0.231,455.332,0.001,0.595,446.361,0.226,455.332,0.001,1.11,441.172
a3-24.txt,0.282,389.081,0.001,0.209,385.066,0.283,389.081,0.001,0.722,360.873,0.281,389.081,0.001,3.449,360.113
a4-24.txt,0.34,436.688,0.001,0.427,410.89,0.336,436.688,0.001,4.633,402.534,0.341,436.688,0.001,5.253,392.761
a3-30.txt,0.708,553.499,0.001,0.187,553.219,0.708,553.499,0.001,0.426,552.784,0.708,553.499,0.001,1.041,549.44
a4-32.txt,1.381,538.275,0.001,0.299,534.884,1.378,538.275,0.002,1.389,534.884,1.389,538.275,0.002,8.306,534.884
a3-36.txt,2.168,624.902,0.002,0.92,599.851,2.158,624.902,0.002,4.173,584.166,2.174,624.902,0.003,9.023,583.293
a4-40.txt,3.923,700.129,0.002,2.624,683.531,3.896,700.129,0.003,15.591,618.774,3.927,700.129,0.003,51.103,597.345
a5-40.txt,1.9,596.677,0.002,1.845,569.378,1.884,596.677,0.003,13.533,554.796,1.904,596.677,0.003,66.875,534.757
a4-48.txt,4.565,765.196,0.002,1.582,761.636,4.555,765.196,0.003,28.608,749.513,4.542,765.196,0.004,85.623,720.545
a6-48.txt,4.982,702.209,0.002,4.385,686.23,4.974,702.209,0.003,40.933,686.23,4.984,702.209,0.004,120.25,672.65
a5-50.txt,6.908,822.202,0.003,3.261,791.537,6.934,822.202,0.004,44.193,785.267,6.931,822.202,0.005,120.237,768.971
a7-56.txt,8.819,894.482,0.003,3.993,858.727,8.84,894.482,0.004,61.331,830.798,8.815,894.482,0.005,120.221,819.483
a5-60.txt,10.341,1030.638,0.004,3.993,1004.765,10.355,1030.638,0.005,33.352,985.261,10.338,1030.638,0.007,120.302,913.288
a6-60.txt,9.152,977.821,0.004,3.239,941.001,9.153,977.821,0.005,67.302,927.857,9.142,977.821,0.007,120.363,902.595
a8-64.txt,11.745,875.607,0.004,4.801,853.446,11.773,875.607,0.005,53.09,845.561,11.764,875.607,0.007,120.32,866.994
a7-70.txt,17.482,1067.733,0.005,5.546,1045.856,17.512,1067.733,0.007,56.089,1014.43,17.577,1067.733,0.01,131.297,1012.358
a6-72.txt,32.79,1077.163,0.005,5.934,1021.259,32.799,1077.163,0.007,63.228,1017.697,32.923,1077.163,0.012,120.566,1098.87
